Procesador,RAM,Tipo RAM,Almacenamiento,Graficos,Pantalla,Resolucion,Sistema Operativo,Bateria,Precio,Tipo,CPU_Generation,Quality_Score,Value_Score,es_chollo_pred,probabilidad_chollo
Intel Core i5-1135G7,8.0,DDR4,512.0,Intel Iris Xe Graphics,15.6,1920x1080,No,70.0,549.0,Intel,5,361.8,0.659016393442623,1,0.98
AMD Ryzen 7-8845HS,32.0,DDR5,1.0,AMD Radeon 780M,17.3,2560x1440,Windows 11 Home,83.0,1862.41,AMD,0,18.1,0.009718590428530774,0,0.0
Intel Core i7-14650HX,32.0,DDR5,1.0,Intel® UHD Graphics,16.1,1920x1080,FreeDOS,70.0,1471.11,Intel,7,366.8,0.24933553575191525,1,0.87
Intel Core i7-12650H,16.0,DDR4,512.0,Intel® UHD Graphics,15.6,1920x1080,FreeDOS,70.0,960.46,Intel,7,464.2,0.48331008058638564,1,0.99
AMD Ryzen 7-8845HS,32.0,DDR5,1.0,AMD Radeon 780M,17.3,1920x1080,FreeDOS,83.0,1471.11,AMD,0,18.1,0.012303634670418936,0,0.01
Intel Core i9-14900HX,32.0,DDR5,1.0,Intel® UHD Graphics,16.1,2560x1440,Windows 11 Home,83.0,2058.06,Intel,9,468.1,0.22744720756440534,1,0.82
AMD Ryzen 9-8945HS,32.0,DDR5,1.0,AMD Radeon 780M,14.0,2880x1800,No,73.0,2308.74,AMD,0,17.1,0.007406637386626473,0,0.0
Intel Core i7-13700H,16.0,DDR4,1.0,Intel Iris Xe Graphics,15.6,1920x1080,FreeDOS,70.0,1373.28,Intel,7,362.0,0.2636024699988349,1,0.94
Intel Core i7-13700H,16.0,DDR5,512.0,Intel Iris Xe Graphics,16.1,1920x1080,FreeDOS,70.0,1265.66,Intel,7,464.2,0.3667651660003476,1,1.0
AMD Ryzen 7-8845HS,16.0,DDR5,1.0,AMD Radeon Graphics,15.6,1920x1080,FreeDOS,70.0,1108.08,AMD,0,12.0,0.010829542993285684,0,0.01
Intel Core i7-14650HX,16.0,DDR5,1.0,Intel® UHD Graphics,16.1,1920x1080,FreeDOS,70.0,1375.59,Intel,7,362.0,0.26315980779156584,1,0.94
Qualcomm Snapdragon-X1-P42-100,16.0,DDR5,1.0,Qualcomm Adreno GPU,13.3,2880x1800,Windows 11 Home,70.0,1575.99,Qualcomm,0,12.0,0.007614261511811623,0,0.0
Intel Core i7-14650HX,32.0,DDR5,1.0,Intel® UHD Graphics,16.1,1920x1080,FreeDOS,70.0,1610.85,Intel,7,366.8,0.22770586957196512,1,0.84
AMD Ryzen 9-8945HS,32.0,DDR5,1.0,AMD Radeon 780M,17.3,2560x1440,Windows 11 Home,83.0,1764.58,AMD,0,18.1,0.010257398361083091,0,0.0
Intel Core i7-12650H,16.0,DDR4,512.0,Intel® UHD Graphics,15.6,1920x1080,FreeDOS,70.0,955.32,Intel,7,464.2,0.485910480257924,1,0.99
Intel Core i7-14650HX,32.0,DDR5,1.0,Intel® UHD Graphics,16.1,1920x1080,Windows 11 Home,70.0,1568.95,Intel,7,366.8,0.23378692756301986,1,0.84
AMD Ryzen 9-8945HS,32.0,DDR5,1.0,AMD Radeon 780M,17.3,2560x1440,FreeDOS,83.0,1666.76,AMD,0,18.1,0.010859391874055054,0,0.0
Intel Core i9-14900HX,32.0,DDR5,1.0,Intel® UHD Graphics,16.1,2560x1440,Windows 11 Home,83.0,2253.72,Intel,9,468.1,0.207701045382745,1,0.82
AMD Ryzen 7-8845HS,32.0,DDR5,1.0,AMD Radeon 780M,17.3,1920x1080,Windows 11 Home,83.0,1568.95,AMD,0,18.1,0.011536377832308231,0,0.0
Intel Core i7-13620H,32.0,DDR5,1.0,Intel® UHD Graphics,16.1,1920x1080,FreeDOS,83.0,1568.95,Intel,7,368.1,0.2346155071863348,1,0.84
Intel Core i3-1215U,8.0,DDR4,512.0,Intel Iris Xe Graphics,15.6,1920x1080,Windows 11 Home,41.0,507.03,Intel,3,258.9,0.5106206733329388,1,0.94
Intel Core i5-1235U,16.0,DDR4,512.0,Intel Iris Xe Graphics,15.6,1920x1080,Windows 11 Home,41.0,630.0,Intel,5,361.3,0.5734920634920635,1,1.0
Intel Core i7-1255U,16.0,DDR4,1000.0,Intel Iris Xe Graphics,15.6,1920x1080,FreeDOS,41.0,678.0,Intel,7,558.9,0.8243362831858406,1,1.0
Intel Core Ultra 9-185H,32.0,DDR5,512.0,,16.0,1920x1200,,86.0,3590.99,Intel,15,870.6,0.24244010704568938,1,0.85
Intel Core i5-1235U,8.0,DDR4,512.0,Intel Iris Xe Graphics,15.6,1920x1080,Windows 11 Home,41.0,566.99,Intel,5,358.9,0.6329917635231661,1,1.0
Intel Core Ultra 5-125U,16.0,DDR5,512.0,Intel Graphics,16.0,2048x1280,Windows 11 Home,59.0,967.0,Intel,15,863.1,0.8925542916235781,1,1.0
Intel Core Ultra 7-155H,32.0,DDR5,1.0,,14.0,1920x1200,,56.0,1849.99,Intel,15,765.4,0.41373196611873575,1,0.86
Intel Core i3-1215U,8.0,DDR4,256.0,Intel Iris Xe Graphics,15.6,1920x1080,FreeDOS,41.0,417.99,Intel,3,207.7,0.496901839756932,1,0.67
AMD Ryzen 5-5625U,8.0,DDR4,512.0,AMD Radeon Graphics,15.6,1920x1080,FreeDOS,41.0,454.04,AMD,0,108.9,0.23984670954100962,0,0.04
Intel Core i7-1255U,16.0,DDR4,512.0,Intel Iris Xe Graphics,15.6,1920x1080,Windows 11 Home,41.0,751.99,Intel,7,461.3,0.6134390084974535,1,1.0
Intel Core i7-1255U,8.0,DDR4,512.0,Intel Iris Xe Graphics,15.6,1920x1080,FreeDOS,41.0,582.99,Intel,7,458.9,0.7871490077016758,1,1.0
Intel Core Ultra 5-125U,16.0,DDR5,512.0,Intel Graphics,14.0,1920x1200,Windows 11 Home,59.0,981.99,Intel,15,863.1,0.8789295206672166,1,1.0
Intel Celeron-N4500,8.0,DDR4,256.0,Intel® UHD Graphics,15.6,1920x1080,Windows 11 Home,41.0,355.99,Intel,0,57.7,0.16208320458439845,0,0.17
Intel Core i7-1355U,8.0,DDR4,512.0,Intel Iris Xe Graphics,15.6,1920x1080,Windows 11 Home,41.0,683.99,Intel,7,458.9,0.6709162414655184,1,1.0
AMD Ryzen 5-8640HS,16.0,DDR5,512.0,AMD Radeon Graphics,14.0,1920x1200,Windows 11 Home,59.0,883.99,AMD,0,113.10000000000001,0.12794262378533694,0,0.01
Intel Core i5-1235U,8.0,DDR4,512.0,Intel Iris Xe Graphics,15.6,1920x1080,FreeDOS,41.0,539.01,Intel,5,358.9,0.665850355280978,1,1.0
Intel Core i5-1235U,8.0,DDR4,256.0,Intel Iris Xe Graphics,15.6,1920x1080,Windows 11 Home,41.0,515.99,Intel,5,307.7,0.5963293862284152,1,0.97
AMD Ryzen 3-7330U,8.0,DDR4,256.0,AMD Radeon Graphics,15.6,1920x1080,Windows 11 Home,41.0,388.0,AMD,0,57.7,0.14871134020618557,0,0.01
AMD Ryzen 5-7520U,16.0,DDR5,512.0,AMD Radeon Graphics,15.6,1920x1080,FreeDOS,41.0,489.0,AMD,0,111.3,0.22760736196319017,0,0.03
Intel Core i7-1255U,8.0,DDR4,512.0,Intel Iris Xe Graphics,15.6,1920x1080,Windows 11 Home,41.0,657.05,Intel,7,458.9,0.6984247774141998,1,1.0
Qualcomm Snapdragon-X1E-78-100,32.0,DDR5,1.0,Qualcomm Adreno GPU,14.0,2240x1400,Windows 11 Home,59.0,1372.99,Qualcomm,0,15.7,0.011434897559341291,0,0.02
Intel Core i5-,16.0,DDR4,512.0,,14.0,1920x1080,,43.0,864.99,Intel,5,361.5,0.41792390663475876,1,1.0
AMD Ryzen 7-7730U,16.0,DDR4,512.0,AMD Radeon Graphics,15.6,1920x1080,Windows 11 Home,41.0,701.99,AMD,0,111.3,0.1585492670835767,0,0.0
Intel Core Ultra 7-258V,8.0,,512.0,,14.0,2880x1800,Windows 11 Home,64.0,1764.99,Intel,15,861.2,0.487934775834424,1,0.92
AMD Ryzen 7-8840U,16.0,DDR5,1.0,AMD Radeon Graphics,16.0,1920x1200,Windows 11 Home,59.0,932.99,AMD,0,10.9,0.011682869055402523,0,0.01
Intel Celeron-N100,8.0,DDR4,256.0,Intel® UHD Graphics,15.6,1920x1080,Windows 11 Home,41.0,408.99,Intel,0,57.7,0.14107924399129562,0,0.13
Intel Core Ultra 7-155H,32.0,DDR5,1.0,Intel Arc Graphics,14.0,2880x1800,Windows 11 Pro,68.0,2034.99,Intel,15,766.6,0.3767094678597929,1,0.85
Intel Core Ultra 7-155H,32.0,DDR5,512.0,Intel Arc Graphics,14.0,2880x1800,Windows 11 Home,68.0,1274.99,Intel,15,868.8,0.6814171091537973,1,0.95
AMD Ryzen 5-5625U,8.0,DDR4,512.0,AMD Radeon Graphics,15.6,1920x1080,Windows 11 Home,41.0,493.04,AMD,0,108.9,0.22087457407106928,0,0.04
Intel Core Ultra 7-155H,32.0,DDR5,1.0,Intel Arc Graphics,16.0,2560x1600,Windows 11 Home,68.0,1764.99,Intel,15,766.6,0.43433673845177595,1,0.85
Intel Core Ultra 7-155H,64.0,DDR5,1.0,,16.0,1920x1200,,76.0,1979.2,Intel,15,777.0,0.3925828617623282,1,0.83
AMD Ryzen 5-5500U,8.0,DDR4,512.0,,15.6,1920x1080,,56.0,599.0,AMD,0,110.4,0.18430717863105175,0,0.02
AMD Ryzen 3-7320U,8.0,DDR5,256.0,AMD Radeon 610M,15.6,1920x1080,Windows 11 Home in S mode,41.0,466.99,AMD,0,57.7,0.12355724961990622,0,0.02
Intel Core i7-1255U,16.0,DDR4,512.0,Intel Iris Xe Graphics,15.6,1920x1080,Windows 11 Home,41.0,711.99,Intel,7,461.3,0.647902358179188,1,1.0
Intel Core i5-8350U,16.0,DDR4,256.0,Intel® UHD Graphics 620,14.0,1920x1080,Windows 11 Pro,56.0,587.68,Intel,5,311.6,0.5302205281786007,1,0.92
Intel Core Ultra 7-155U,16.0,DDR5,512.0,Intel Graphics,16.0,1920x1200,Windows 11 Home,59.0,978.02,Intel,15,863.1,0.8824972904439582,1,1.0
Intel Core Ultra 5-125H,16.0,DDR5,1.0,Intel Arc Graphics,14.0,2560x1600,Windows 11 Home,68.0,981.99,Intel,15,761.8,0.7757716473691177,1,0.95
Intel Core Ultra 7-155U,32.0,DDR5,1.0,Intel Graphics,16.0,2880x1800,Windows 11 Home,68.0,1471.0,Intel,15,766.6,0.521142080217539,1,0.9
Intel Core Ultra 7-155H,16.0,DDR5,1.0,,14.0,1920x1080,Windows 11 Home,41.0,981.99,Intel,15,759.1,0.7730221285349138,1,0.94
Intel Celeron-N100,8.0,DDR4,256.0,Intel® UHD Graphics,15.6,1920x1080,Windows 11 Home,41.0,391.99,Intel,0,57.7,0.1471976325926682,0,0.18
Intel Core i5-,32.0,DDR5,512.0,,16.0,1920x1200,,56.0,1612.99,Intel,5,367.6,0.22789973899404214,1,0.86
Intel Core i3-N305,8.0,DDR4,512.0,Intel® UHD Graphics,15.6,1920x1080,Windows 11 Home,41.0,442.99,Intel,3,258.9,0.5844375719542201,1,0.94
Qualcomm-X1E-78-100,8.0,,512.0,,14.0,2240x1400,,59.0,2028.0,Qualcomm,0,110.70000000000002,0.054585798816568054,0,0.01
AMD Ryzen 7-7730U,16.0,DDR4,512.0,AMD Radeon Graphics,15.6,1920x1080,Windows 11 Home,41.0,613.0,AMD,0,111.3,0.18156606851549756,0,0.0
Intel Core Ultra 5-125H,16.0,DDR5,512.0,,14.0,1920x1200,,56.0,1493.99,Intel,15,862.8,0.577513905715567,1,0.98
AMD Ryzen 7-8840HS,16.0,DDR5,1.0,AMD Radeon Graphics,16.0,2880x1800,Windows 11 Home,68.0,1274.99,AMD,0,11.8,0.009254974548819992,0,0.01
Intel Core i3-N305,8.0,DDR4,256.0,Intel® UHD Graphics,15.6,1920x1080,Windows 11 Home,41.0,489.99,Intel,3,207.7,0.42388620175921954,1,0.72
Intel Core i5-1235U,16.0,DDR4,512.0,Intel Iris Xe Graphics,15.6,1920x1080,FreeDOS,41.0,551.99,Intel,5,361.3,0.6545408431312162,1,1.0
Qualcomm Snapdragon-X1E-78-100,16.0,DDR5,1.0,Qualcomm Adreno GPU,14.0,2240x1400,Windows 11 Home,59.0,1274.99,Qualcomm,0,10.9,0.008549086659503212,0,0.01
Intel Core i7-1255U,16.0,DDR4,512.0,Intel Iris Xe Graphics,15.6,1920x1080,Windows 11 Home,41.0,661.99,Intel,7,461.3,0.6968383208205562,1,1.0
AMD Ryzen 5-5625U,16.0,DDR4,1000.0,AMD Radeon Graphics,15.6,1920x1080,Windows 11 Home,41.0,590.99,AMD,0,208.9,0.35347467808253946,0,0.11
AMD Ryzen 5-7520U,16.0,DDR5,512.0,AMD Radeon Graphics,15.6,1920x1080,Windows 11 Home,41.0,537.0,AMD,0,111.3,0.20726256983240224,0,0.03
Intel Core i5-1334U,16.0,DDR4,512.0,Intel Iris Xe Graphics,15.6,1920x1080,Windows 11 Pro,42.0,999.23,Intel,5,361.4,0.36167849243917816,1,0.98
AMD Ryzen 5-7520U,8.0,DDR5,512.0,AMD Radeon Graphics,15.6,1920x1080,Windows 11 Home,41.0,540.0,AMD,0,108.9,0.2016666666666667,0,0.03
Intel Core i7-1255U,16.0,DDR4,512.0,Intel Iris Xe Graphics,15.6,1920x1080,FreeDOS,41.0,630.99,Intel,7,461.3,0.731073392605271,1,1.0
Intel Core Ultra 7-155H,32.0,DDR5,512.0,,16.0,1920x1200,,86.0,2637.99,Intel,15,870.6,0.33002399554206047,1,0.85
Intel Core Ultra 7-165H,32.0,DDR5,512.0,,16.0,1920x1200,,86.0,2974.0,Intel,15,870.6,0.2927370544720915,1,0.85
AMD Ryzen 7-7730U,16.0,DDR4,512.0,AMD Radeon Graphics,15.6,1920x1080,Windows 11 Home,41.0,608.99,AMD,0,111.3,0.18276162170150576,0,0.0
Intel Core i7-13650HX,32.0,DDR5,1.0,Intel® UHD Graphics,16.0,2560x1600,Windows 11 Home,99.0,1679.0,Intel,7,369.7,0.2201905896366885,1,0.82
Intel Core i5-12450H,16.0,DDR4,512.0,Intel® UHD Graphics,15.6,1920x1080,No,52.0,1020.08,Intel,5,362.4,0.35526625362716646,1,0.97
Intel Core Ultra 7-155H,32.0,DDR5,1.0,Intel Arc Graphics,14.0,2880x1800,Windows 11 Home,90.0,1729.01,Intel,15,768.8,0.44464751505196615,1,0.85
Intel Core i5-13420H,16.0,DDR5,512.0,Intel® UHD Graphics,15.6,1920x1080,FreeDOS,53.0,999.0,Intel,5,362.5,0.36286286286286284,1,0.97
Intel Core i7-13620H,16.0,DDR4,512.0,Intel® UHD Graphics,15.6,1920x1080,FreeDOS,52.0,869.0,Intel,7,462.4,0.5321058688147295,1,0.99
Intel Core i5-12500H,16.0,DDR4,1.0,Intel Iris Xe Graphics,15.6,1920x1080,FreeDos,54.0,949.0,Intel,5,260.4,0.27439409905163326,1,0.86
Intel Core i7-13620H,16.0,DDR5,1.0,Intel® UHD Graphics,15.6,1920x1080,FreeDOS,53.0,1259.78,Intel,7,360.3,0.28600231786502406,1,0.93
Intel Core i7-13620H,16.0,DDR5,512.0,Intel® UHD Graphics,15.6,1920x1080,FreeDOS,53.0,969.0,Intel,7,462.5,0.47729618163054693,1,0.97
Intel Core i3-1315U,8.0,DDR4,256.0,Intel® UHD Graphics,15.6,1920x1080,Windows 11 Pro,41.0,610.99,Intel,3,207.7,0.33994009721926705,1,0.7
Intel Core i7-13620H,32.0,DDR5,1000.0,Intel® UHD Graphics,15.6,1920x1080,No,53.0,1249.0,Intel,7,564.9,0.45228182546036827,1,0.91
Intel Core i7-14700HX,32.0,DDR5,1.0,Intel® UHD Graphics,16.0,2560x1600,Windows 11 Home,90.0,1899.0,Intel,7,368.8,0.1942074776197999,1,0.82
Intel Core i7-14650HX,16.0,DDR5,1.0,Intel® UHD Graphics,16.0,2560x1600,Windows 11 Home,90.0,1599.0,Intel,7,364.0,0.22764227642276422,1,0.89
Intel Core Ultra 7-155H,16.0,DDR5,1.0,Intel Arc Graphics,16.0,2560x1600,Windows 11 Home,99.0,1729.01,Intel,15,764.9,0.4423918890000636,1,0.89
Intel Core i7-14650HX,16.0,DDR5,1.0,Intel® UHD Graphics,16.0,2560x1600,Windows 11 Home,99.0,1679.0,Intel,7,364.9,0.2173317450863609,1,0.87
Intel Core i7-13700HX,32.0,DDR5,1000.0,Intel® UHD Graphics,17.0,2560x1600,Windows 11 Home,90.0,,Intel,7,568.6,,1,0.92
Intel Core i5-13500H,16.0,DDR5,1.0,,15.6,1920x1080,No,54.0,1019.0,Intel,5,260.4,0.2555446516192345,1,0.87
Intel Core i5-13420H,16.0,DDR5,1.0,Intel® UHD Graphics,15.6,1920x1080,No,53.0,949.0,Intel,5,260.3,0.2742887249736565,1,0.86
Intel Core i7-13620H,16.0,DDR5,1.0,,14.0,2880x1800,Windows 11 Home,63.0,1919.0,Intel,7,361.3,0.18827514330380407,1,0.87
Apple M-M4 Pro,24.0,,1.0,Apple GPU,14.2,3024x1964,macOS Sequoia,72.0,2812.58,Apple,4,214.6,0.07630005190963457,0,0.01
Intel Core i7-14650HX,32.0,DDR5,1.0,Intel® UHD Graphics,16.0,2560x1600,Windows 11 Home,99.0,1609.0,Intel,7,369.7,0.22977004350528277,1,0.84
Intel Core Ultra 7-155H,16.0,DDR5,1.0,Intel Arc Graphics,16.0,2880x1800,Windows 11 Home,76.0,2611.99,Intel,15,762.6,0.2919613015363765,1,0.88
Apple M-M4 Max,36.0,,1.0,Apple GPU,16.2,3456x2234,macOS Sequoia,100.0,3955.16,Apple,4,221.0,0.05587637415426936,0,0.0
Apple M-M3,8.0,,512.0,Apple GPU,13.6,2560x1664,macOS Sonoma,52.0,1346.28,Apple,3,260.0,0.19312475859405176,0,0.26
Apple M-M3,24.0,,512.0,Apple GPU,13.6,2560x1664,macOS Sequoia,52.0,1679.54,Apple,3,264.8,0.1576622170356169,0,0.1
Apple M-M4 Pro,24.0,,512.0,Apple GPU,14.2,3024x1964,macOS Sequoia,72.0,2336.51,Apple,4,316.8,0.13558683677792946,0,0.12
Apple M-M2,8.0,,512.0,Apple GPU,13.6,2560x1664,macOS Monterey,52.0,1260.59,Apple,2,210.0,0.16658866086515045,0,0.15
Apple M-M2,16.0,,256.0,Apple GPU,13.6,2560x1664,macOS Sonoma,52.0,1017.61,Apple,2,161.2,0.15841039297962872,0,0.09
Apple M-M4 Max,36.0,,1.0,Apple GPU,14.2,3024x1964,macOS Sequoia,72.0,3669.51,Apple,4,218.2,0.059462980070908646,0,0.0
Apple M-M3,8.0,,256.0,Apple GPU,23.5,4480x2520,macOS Sonoma,56.0,1564.95,Apple,3,209.2,0.13367839228090353,0,0.05
Apple M-M4,16.0,,512.0,Apple GPU,14.2,3024x1964,macOS Sequoia,72.0,1827.15,Apple,4,314.4,0.17207125851736307,0,0.18
Apple M-M2,8.0,,512.0,Apple GPU,13.6,2560x1664,macOS Monterey,52.0,1260.59,Apple,2,210.0,0.16658866086515045,0,0.15
Apple M-M3 Max,36.0,,1.0,Apple GPU,16.2,3456x2234,macOS Sonoma,100.0,3863.68,Apple,3,171.0,0.04425832367069737,0,0.01
Apple M-M3,8.0,,512.0,Apple GPU,15.3,2880x1864,macOS Sonoma,66.0,1641.59,Apple,3,261.4,0.15923586279156182,0,0.19
Apple M-M3,16.0,,512.0,Apple GPU,15.3,2880x1864,macOS Sonoma,66.0,1746.19,Apple,3,263.8,0.15107176195030322,0,0.14
Apple M-M3,16.0,,512.0,Apple GPU,15.3,2880x1864,macOS Sonoma,66.0,1746.19,Apple,3,263.8,0.15107176195030322,0,0.14
Apple M-M4 Max,48.0,,1.0,Apple GPU,16.2,3456x2234,macOS Sequoia,100.0,4526.43,Apple,4,224.6,0.04961967820114306,0,0.0
Intel Core i7-12650H,16.0,DDR4,1.0,Intel® UHD Graphics,17.3,1920x1080,Windows 11 Home,56.0,1310.78,Intel,7,360.6,0.27510337356383224,1,0.96
Apple M-M4 Max,48.0,,1.0,Apple GPU,16.2,3456x2234,macOS Sequoia,100.0,4553.33,Apple,4,224.6,0.04932653684226709,0,0.0
Apple M-M3,16.0,,256.0,Apple GPU,13.6,2560x1664,macOS Sequoia,52.0,1241.54,Apple,3,211.2,0.17011131336888058,0,0.09
Apple M-M3,16.0,,256.0,Apple GPU,13.6,2560x1664,macOS Sequoia,52.0,1248.9,Apple,3,211.2,0.1691088157578669,0,0.09
Apple M-M3,16.0,,256.0,Apple GPU,13.6,2560x1664,macOS Sequoia,52.0,1241.54,Apple,3,211.2,0.17011131336888058,0,0.09
Apple M-M4 Pro,48.0,,512.0,Apple GPU,16.2,3456x2234,macOS Sequoia,100.0,3250.58,Apple,4,326.8,0.10053590436168315,0,0.09
Apple M-M3,24.0,,512.0,Apple GPU,13.6,2560x1664,macOS Sequoia,52.0,1679.54,Apple,3,264.8,0.1576622170356169,0,0.1
Intel Core i7-13620H,16.0,DDR5,1.0,Intel® UHD Graphics,15.6,1920x1080,FreeDOS,54.0,1084.66,Intel,7,360.4,0.332270020098464,1,0.93
Intel Core i7-13650HX,16.0,DDR5,1.0,Intel® UHD Graphics,16.0,2560x1600,FreeDOS,99.0,1347.52,Intel,7,364.9,0.27079375445262405,1,0.95
Apple M-M3,16.0,,256.0,Apple GPU,15.3,2880x1864,macOS Sequoia,66.0,1527.19,Apple,3,212.6,0.13920992148979497,0,0.03
Intel Core i7-13620H,16.0,DDR5,1.0,Intel® UHD Graphics,15.6,1920x1080,FreeDOS,54.0,1015.83,Intel,7,360.4,0.35478377287538265,1,0.93
Apple M-M3,24.0,,512.0,Apple GPU,15.3,2880x1864,macOS Sequoia,66.0,1965.16,Apple,3,266.2,0.13545970811536973,0,0.08
Apple M-M2,16.0,,256.0,Apple GPU,13.6,2560x1664,macOS Sonoma,52.0,1017.61,Apple,2,161.2,0.15841039297962872,0,0.09
Apple M-M3,16.0,,256.0,Apple GPU,15.3,2880x1864,macOS Sequoia,66.0,1527.19,Apple,3,212.6,0.13920992148979497,0,0.03
Apple M-M4 Pro,48.0,,512.0,Apple GPU,16.2,3456x2234,macOS Sequoia,100.0,3269.89,Apple,4,326.8,0.0999421998905162,0,0.09
Apple M-M3,24.0,,512.0,Apple GPU,13.6,2560x1664,macOS Sequoia,52.0,1679.54,Apple,3,264.8,0.1576622170356169,0,0.1
Apple M-M3,8.0,,256.0,Apple GPU,15.3,2880x1864,macOS Sonoma,66.0,1412.94,Apple,3,210.2,0.14876781745863235,0,0.04
Apple M-M4 Max,36.0,,1.0,Apple GPU,14.2,3024x1964,macOS Sequoia,72.0,3669.51,Apple,4,218.2,0.059462980070908646,0,0.0
Apple M-M4 Pro,24.0,,1.0,Apple GPU,14.2,3024x1964,macOS Sequoia,72.0,2812.58,Apple,4,214.6,0.07630005190963457,0,0.01
Apple M-M4 Max,36.0,,1.0,Apple GPU,16.2,3456x2234,macOS Sequoia,100.0,3955.16,Apple,4,221.0,0.05587637415426936,0,0.0
Apple M-M3,16.0,,256.0,Apple GPU,15.3,2880x1864,macOS Sequoia,66.0,1527.19,Apple,3,212.6,0.13920992148979497,0,0.03
Intel Core i7-13700H,16.0,DDR5,512.0,,16.0,1920x1200,FreeDOS,54.0,1145.35,Intel,7,462.6,0.40389400619897853,1,0.97
Intel Core i5-13420H,8.0,DDR4,512.0,Intel® UHD Graphics,14.0,1920x1080,FreeDos,38.0,501.99,Intel,5,358.6,0.7143568596984003,1,1.0
AMD Ryzen 7-5700U,8.0,DDR4,512.0,AMD Radeon,15.6,1920x1080,Windows 10 Home en modo S,38.0,698.99,AMD,0,108.60000000000001,0.15536702957123852,0,0.03
Intel Core i7-13700H,16.0,DDR5,512.0,Intel Iris Xe Graphics,14.5,2560x1600,Windows 11 Home,73.0,1333.99,Intel,7,464.5,0.34820350977143755,1,1.0
Intel Core i7-1355U,16.0,DDR4,512.0,Intel Iris Xe Graphics,15.6,1920x1080,Windows 11 Home,38.0,683.0,Intel,7,461.0,0.6749633967789166,1,1.0
AMD Ryzen 5-7520U,16.0,DDR5,512.0,AMD Radeon 610M,15.6,1920x1080,No,38.0,469.0,AMD,0,111.0,0.23667377398720682,0,0.05
Intel Core i3-1115G4,8.0,DDR4,256.0,Intel® UHD Graphics,15.6,1920x1080,No,45.0,258.99,Intel,3,208.1,0.8035059268697633,1,0.7
Intel Core i5-13420H,16.0,DDR4,512.0,Intel® UHD Graphics,15.6,1920x1080,Windows 11 Home,38.0,596.99,Intel,5,361.0,0.6047002462352803,1,1.0
Intel Core i3-1215U,8.0,DDR4,256.0,Intel® UHD Graphics,15.6,1920x1080,Windows 11 Home,38.0,393.99,Intel,3,207.4,0.5264092997284195,1,0.83
Intel Core i5-,8.0,DDR4,256.0,Intel® UHD Graphics 620,13.3,1920x1080,Windows 10 Pro,51.0,329.89,Intel,5,308.7,0.9357664676104156,1,0.9
Intel Core i7-1355U,16.0,DDR5,1.0,Intel Iris Xe Graphics,13.3,2880x1800,Windows 11 Home,80.0,2327.99,Intel,7,363.0,0.15592850484752943,1,0.87
Intel Core i7-1355U,8.0,DDR4,512.0,Intel Iris Xe Graphics,15.6,1920x1080,Windows 11 Home,38.0,622.99,Intel,7,458.6,0.7361273856723222,1,1.0
Intel Core i7-1255U,16.0,DDR4,512.0,Intel® UHD Graphics,15.6,1920x1080,Windows 11 Home,48.0,641.0,Intel,7,462.0,0.7207488299531981,1,0.99
Intel Core i7-1360P,32.0,DDR5,1.0,Intel Iris Xe Graphics,17.0,2560x1600,Windows 11 Home,90.0,1817.0,Intel,7,368.8,0.20297193175564118,1,0.82
AMD Ryzen 7-5700U,16.0,DDR4,512.0,AMD Radeon Graphics,15.6,1920x1080,No,42.0,645.99,AMD,0,111.4,0.17244848991470457,0,0.0
Intel Core i5-12450H,16.0,DDR5,1.0,Intel® UHD Graphics,15.6,1920x1080,Windows 11 Home,47.0,689.0,Intel,5,259.7,0.3769230769230769,1,0.91
AMD Ryzen 7-5700U,16.0,DDR4,512.0,AMD Radeon Graphics,15.6,1920x1080,Windows 11 Home,48.0,562.99,AMD,0,112.0,0.1989378141707668,0,0.02
AMD Ryzen 7-7730U,16.0,DDR4,512.0,AMD Radeon Graphics,15.6,1920x1080,Windows 11 Home,38.0,576.0,AMD,0,111.0,0.19270833333333334,0,0.02
Intel Core i7-13620H,16.0,DDR5,1.0,Intel® UHD Graphics,15.6,1920x1080,Windows 11 Home,60.0,1499.99,Intel,7,361.0,0.24066827112180747,1,0.92
Intel Core i3-1315U,8.0,DDR4,512.0,Intel® UHD Graphics,14.0,1920x1080,Windows 11 Home,38.0,563.99,Intel,3,258.6,0.4585187680632636,1,0.96
Intel Core i3-1215U,8.0,DDR4,256.0,Intel® UHD Graphics,15.6,1920x1080,No,38.0,371.0,Intel,3,207.4,0.5590296495956874,1,0.79
AMD Ryzen 7-7435HS,24.0,DDR5,1.0,No disponible,15.6,1920x1080,No,60.0,1100.99,AMD,0,13.399999999999999,0.012170864403854712,0,0.02
Intel Core Ultra 7-155H,32.0,DDR5,1.0,Intel Arc Graphics,16.0,2048x1280,Windows 11 Home,76.0,1314.99,Intel,15,767.4,0.5835785823466338,1,0.91
AMD Ryzen 5-7530U,16.0,DDR4,512.0,AMD Radeon Graphics,15.6,1920x1080,Windows 11 Home,41.0,537.99,AMD,0,111.3,0.206881168794959,0,0.03
Intel Core i5-1334U,16.0,DDR5,512.0,Intel Iris Xe Graphics,15.6,1920x1080,FreeDOS,56.0,528.0,Intel,5,362.8,0.6871212121212121,1,0.99
AMD Ryzen 5-7520U,8.0,DDR5,256.0,AMD Radeon 610M,15.6,1920x1080,Windows 11 Home,38.0,551.0,AMD,0,57.4,0.10417422867513611,0,0.05
Intel Core i5-13420H,16.0,DDR5,1.0,Intel® UHD Graphics,16.0,1920x1200,Windows 11 Home,47.0,767.99,Intel,5,259.7,0.33815544473235326,1,0.91
Intel Core i5-1334U,8.0,DDR5,512.0,Intel Iris Xe Graphics,15.6,1920x1080,FreeDOS,56.0,475.0,Intel,5,360.4,0.7587368421052632,1,0.99
Intel Core 5-i5-1135G7,8.0,DDR4,512.0,No disponible,15.6,1920x1080,,45.0,329.99,Intel,0,109.30000000000001,0.3312221582472196,0,0.18
AMD Ryzen 7-7730U,16.0,DDR4,512.0,AMD Radeon Graphics,15.6,1920x1080,Windows 11 Home,41.0,593.99,AMD,0,111.3,0.18737689186686643,0,0.0
Intel Core i5-1235U,16.0,DDR5,256.0,Intel Iris Xe Graphics,12.4,1536x1024,Windows 11 Pro,41.0,1302.99,Intel,5,310.1,0.23799108204974714,1,0.93
AMD Ryzen 7-5700U,16.0,DDR4,1.0,AMD Radeon Graphics,15.6,1920x1080,Windows 11 Home,42.0,731.99,AMD,0,9.2,0.012568477711444145,0,0.0
Intel Core Ultra 7-155H,16.0,DDR5,512.0,Intel Arc Graphics,16.0,2560x1600,No,77.0,1136.99,Intel,15,864.9,0.7606927061803533,1,1.0
Intel Core i3-1215U,8.0,DDR4,512.0,Intel® UHD Graphics,15.6,1920x1080,No,38.0,441.0,Intel,3,258.6,0.5863945578231293,1,0.97
AMD Ryzen 7-5700U,16.0,DDR4,1.0,AMD Radeon Graphics,15.6,1920x1080,Windows 11 Home,42.0,701.99,AMD,0,9.2,0.013105599794868871,0,0.0
Intel Core i7-13620H,16.0,DDR5,1.0,,14.0,2880x1800,Windows 11 Home,63.0,1098.99,Intel,7,361.3,0.3287564036069482,1,0.95
Intel Core i7-9850H,32.0,DDR4,1.0,Intel® UHD Graphics 630,15.6,1920x1080,Windows 10 Pro,56.0,1429.18,Intel,7,365.4,0.25567108411816564,1,0.88
Intel Core Ultra 5-125H,16.0,DDR5,512.0,Intel Arc Graphics,15.6,,Windows 11 Home,55.0,911.99,Intel,15,862.7,0.9459533547516968,1,0.98
Intel Core i5-12450HX,24.0,DDR5,512.0,Intel® UHD Graphics,15.6,1920x1080,No,60.0,901.99,Intel,5,365.6,0.4053260013969113,1,0.92
AMD Ryzen 5-7520U,8.0,DDR5,512.0,AMD Radeon 610M,15.6,1920x1080,Windows 11 Home,38.0,441.99,AMD,0,108.60000000000001,0.24570691644607345,0,0.06
AMD Ryzen 3-7320U,8.0,DDR5,256.0,AMD Radeon 610M,15.6,1920x1080,Windows 11 Home,38.0,372.99,AMD,0,57.4,0.1538915252419636,0,0.02
Intel Core i7-1255U,16.0,DDR5,1.0,Intel Iris Xe Graphics,16.0,1920x1080,Windows 11 Home,51.0,754.99,Intel,7,360.1,0.47695995973456606,1,0.95
Qualcomm Snapdragon-X1E-80-100,16.0,DDR5,256.0,Qualcomm Adreno GPU,15.0,2496x1664,Windows 11 Home,66.0,1530.0,Qualcomm,0,62.6,0.04091503267973856,0,0.0
Intel Core Ultra 7-155H,16.0,DDR5,512.0,Intel Arc Graphics,16.0,2560x1600,FreeDOS,77.0,1356.0,Intel,15,864.9,0.6378318584070797,1,1.0
AMD Ryzen 5-5500U,16.0,DDR4,512.0,AMD Radeon Graphics,15.6,1920x1080,Windows 11 Home,38.0,635.0,AMD,0,111.0,0.17480314960629922,0,0.02
Intel Core Ultra 7-155H,32.0,DDR5,1.0,Intel Arc Graphics,15.6,1920x1080,Windows 11 Home,72.0,1527.99,Intel,15,767.0,0.5019666359073031,1,0.88
Intel Core Ultra 7-155U,32.0,DDR5,1.0,Intel Graphics,14.0,1920x1200,Windows 11 Pro,58.0,2298.0,Intel,15,765.6,0.3331592689295039,1,0.85
Qualcomm Snapdragon-X1E-80-100,16.0,DDR5,512.0,Qualcomm Adreno GPU,15.0,2496x1664,Windows 11 Home,66.0,1734.99,Qualcomm,0,113.8,0.06559115614499218,0,0.0
AMD Ryzen 7-5700U,8.0,DDR4,512.0,AMD Radeon Graphics,15.6,1920x1080,Windows 11 Home,38.0,543.04,AMD,0,108.60000000000001,0.19998526812021217,0,0.05
Intel Core i7-1255U,8.0,DDR4,512.0,Intel Iris Xe Graphics,15.6,1920x1080,FreeDOS,42.0,564.02,Intel,7,459.0,0.8138009290450694,1,1.0
Intel Core i7-1255U,8.0,DDR4,512.0,Intel Iris Xe Graphics,15.6,1920x1080,Windows 11 Home,38.0,630.0,Intel,7,458.6,0.727936507936508,1,1.0
Intel Core i5-1130G7,8.0,DDR4,256.0,Intel Iris Xe Graphics,14.0,1920x1080,ChromeOS,54.0,929.99,Intel,5,309.0,0.3322616372219056,1,0.9
Intel Core i5-13420H,16.0,DDR5,1.0,Intel® UHD Graphics,15.6,1920x1080,Windows 11 Home,47.0,739.0,Intel,5,259.7,0.3514208389715832,1,0.91
AMD Ryzen 5-5500U,8.0,DDR4,512.0,AMD Radeon Graphics,15.6,1920x1080,Windows 11 Home,38.0,562.99,AMD,0,108.60000000000001,0.1928986305262971,0,0.05
Intel Core i5-12450H,16.0,DDR5,512.0,Intel® UHD Graphics,15.6,1920x1080,Windows 11 Home,47.0,652.0,Intel,5,361.9,0.5550613496932515,1,1.0
Intel Core i5-13420H,16.0,DDR4,512.0,Intel Iris Xe Graphics,17.3,1920x1080,Windows 11 Home,45.0,773.0,Intel,5,361.7,0.46791720569210865,1,1.0
Intel Core i3-1315U,8.0,DDR4,256.0,Intel® UHD Graphics,17.3,1920x1080,Windows 11 Home,45.0,601.99,Intel,3,208.1,0.3456868054286616,1,0.7
Intel Core Ultra 7-155H,32.0,DDR5,2.0,Intel Arc Graphics,16.0,2560x1600,Windows 11 Home,77.0,1851.0,Intel,15,767.7,0.4147487844408428,1,0.85
Intel Core i3-1315U,8.0,DDR4,512.0,Intel® UHD Graphics,15.6,1920x1080,No,38.0,380.99,Intel,3,258.6,0.6787579726502009,1,0.97
Intel Core Ultra 7-155H,16.0,DDR5,512.0,Intel Arc Graphics,15.6,1920x1080,Windows 11 Home,72.0,1125.0,Intel,15,864.4,0.7683555555555556,1,1.0
Intel Core Ultra 7-155H,16.0,DDR5,1.0,Intel Arc Graphics,17.0,2560x1600,Windows 11 Home,77.0,1728.99,Intel,15,762.7,0.4411245871867391,1,0.89
Intel Core Ultra 7-155U,16.0,DDR5,1.0,Intel Graphics,14.0,1920x1200,Windows 11 Pro,57.0,1575.99,Intel,15,760.7,0.48268072766959186,1,0.92
AMD 3000-3020E,8.0,DDR4,256.0,AMD Radeon Graphics,15.6,1920x1080,Windows 11 Home,42.0,538.99,AMD,0,57.800000000000004,0.10723761108740422,0,0.02
Intel Core Ultra 7-155U,16.0,DDR5,512.0,Intel Graphics,16.0,1920x1200,Windows 11 Pro,57.0,1558.0,Intel,15,862.9,0.5538510911424903,1,0.95
Intel Core i9-14900HX,32.0,DDR5,1.0,Intel® UHD Graphics,16.0,2560x1600,Windows 11 Home,95.0,3906.33,Intel,9,469.3,0.12013833956680568,1,0.81
Intel Core i7-11700K,32.0,DDR4,1000.0,Intel UHD Graphics 750,,,Windows 10 Home,56.0,2943.0,Intel,7,565.2,0.1920489296636086,1,0.82
Intel Core Ultra 7-155H,16.0,DDR5,512.0,Intel Arc Graphics,17.0,2560x1600,Windows 11 Home,77.0,1378.0,Intel,15,864.9,0.6276487663280116,1,0.99
Intel Core i5-1235U,8.0,DDR5,256.0,Intel Iris Xe Graphics,12.4,1536x1024,Windows 11 Home,41.0,1134.99,Intel,5,307.7,0.27110371016484724,1,0.94
Intel Core i5-1235U,8.0,DDR4,512.0,Intel Iris Xe Graphics,15.6,1920x1080,Windows 11 Pro,40.0,540.0,Intel,5,358.8,0.6644444444444445,1,1.0
Intel Core Ultra 5-125U,16.0,DDR5,512.0,Intel Graphics,13.3,1920x1200,Windows 11 Pro,54.0,1826.99,Intel,15,862.6,0.47214270466723957,1,0.89
Intel Core 5-120U,16.0,DDR5,512.0,Intel Graphics,14.0,1920x1200,Windows 11 Pro,53.0,943.99,Intel,0,112.5,0.11917499126050064,0,0.13
Qualcomm Snapdragon-X1P-42-100,16.0,DDR5,1.0,Qualcomm Adreno GPU,14.0,1920x1200,Windows 11 Home,57.0,1111.99,Qualcomm,0,10.7,0.009622388690545778,0,0.01
AMD Ryzen 7-7730U,8.0,DDR4,512.0,AMD Radeon Graphics,15.6,1920x1080,Windows 11 Home,38.0,548.0,AMD,0,108.60000000000001,0.19817518248175184,0,0.05
AMD Ryzen 5 PRO-7530U,16.0,DDR4,512.0,AMD Radeon Graphics,13.3,1920x1200,Windows 11 Pro,46.0,1086.99,AMD,0,111.8,0.10285283213277031,0,0.0
AMD Ryzen AI 9-365,32.0,DDR5,1.0,AMD Radeon 880M,14.5,2880x1800,Windows 11 Home,73.0,1908.99,AMD,0,17.1,0.008957616331148933,0,0.0
AMD Ryzen 5-7535U,16.0,DDR5,512.0,AMD Radeon 660M,14.0,1920x1200,Windows 11 Pro,57.0,1083.99,AMD,0,112.9,0.104152252327051,0,0.01
Intel Core i7-1255U,8.0,DDR4,512.0,Intel® UHD Graphics,15.6,1920x1080,Windows 11 Home,48.0,616.0,Intel,7,459.6,0.7461038961038962,1,0.99
Intel Core i5-1335U,16.0,DDR4,512.0,Intel Iris Xe Graphics,14.0,1920x1200,Windows 11 Pro,50.0,770.99,Intel,5,362.2,0.4697856003320406,1,0.99
Intel Core i3 N-series-i3-N305,8.0,DDR5,128.0,Intel® UHD Graphics,14.0,1920x1080,ChromeOS,56.0,624.99,Intel,3,183.6,0.29376470023520374,1,0.6
AMD Ryzen AI 7 PRO-360,32.0,DDR5,512.0,AMD Radeon 880M,14.0,1920x1200,Windows 11 Pro,58.0,2158.99,AMD,0,117.8,0.05456255008128801,0,0.0
Intel Core Ultra 7-155U,16.0,DDR5,512.0,Intel Graphics,14.0,1920x1200,Windows 11 Pro,57.0,2830.0,Intel,15,862.9,0.30491166077738513,1,0.91
Intel Core i7-13700H,16.0,DDR5,1.0,Intel Iris Xe Graphics,16.0,3840x2400,Windows 11 Home,88.0,1510.99,Intel,7,363.8,0.24076929695100563,1,0.9
AMD Ryzen 7-5825C,16.0,DDR4,256.0,AMD Radeon Graphics,14.0,1920x1080,ChromeOS,56.0,962.0,AMD,0,61.6,0.06403326403326404,0,0.01
Intel Core i5-1135G7,8.0,DDR4,128.0,Intel Iris Xe Graphics,15.6,1920x1080,ChromeOS,56.0,780.99,Intel,5,283.6,0.3631288492810408,1,0.9
Intel Core i5-1340P,16.0,DDR5,512.0,Intel Iris Xe Graphics,15.6,1920x1080,No,80.0,1001.0,Intel,5,365.2,0.3648351648351648,1,0.99
Intel Core Ultra 7-155U,16.0,DDR5,512.0,Intel Graphics,14.0,1920x1200,Windows 11 Pro,57.0,1553.99,Intel,15,862.9,0.5552802785088707,1,0.95
Intel Core Ultra 5-125U,8.0,DDR5,256.0,Intel Graphics,14.0,1920x1200,Windows 11 Pro,45.0,835.99,Intel,15,808.1,0.9666383569181449,1,0.97
Intel Core Ultra 7-155H,32.0,DDR5,1.0,Intel Arc Graphics,16.0,1920x1200,Windows 11 Pro,75.0,2324.0,Intel,15,767.3,0.33016351118760756,1,0.85
Intel Core i7-12650HX,16.0,DDR5,512.0,Intel® UHD Graphics,15.6,1920x1080,Windows 11 Home,57.0,1100.99,Intel,7,462.9,0.4204397860107721,1,1.0
Intel Core i7-8750H,32.0,DDR4,1.0,Intel® UHD Graphics 630,15.6,1920x1080,Windows 10 Pro,56.0,1142.86,Intel,7,365.4,0.3197242006894983,1,0.91
Intel Core i5-135U,16.0,DDR5,512.0,Intel Arc Graphics,13.5,2256x1504,Windows 11,56.0,1663.99,Intel,5,362.8,0.21803015643122856,1,0.91
Intel Core Ultra 5-125U,16.0,DDR5,512.0,Intel Graphics,14.0,1920x1200,Windows 11 Pro,58.0,1890.0,Intel,15,863.0,0.45661375661375664,1,0.92
Qualcomm Snapdragon-X1P-42-100,32.0,DDR5,1.0,Qualcomm Adreno GPU,14.0,1920x1200,Windows 11 Home,57.0,1333.99,Qualcomm,0,15.5,0.01161927750582838,0,0.02
AMD Ryzen 5-5625U,16.0,DDR4,512.0,AMD Radeon Graphics,15.6,1920x1080,Windows 11 Home,42.0,596.99,AMD,0,111.4,0.18660279066651034,0,0.0
Intel Core Ultra 7-155U,32.0,DDR5,1.0,Intel Graphics,14.0,1920x1200,Windows 11 Pro,57.0,2836.0,Intel,15,765.5,0.26992242595204513,1,0.85
Qualcomm Snapdragon-X1E-80-100,16.0,DDR5,512.0,,13.0,2880x1920,Windows 11 Pro,53.0,1837.99,Qualcomm,0,112.5,0.06120816761788693,0,0.0
Intel Core i7-13620H,16.0,DDR5,1.0,Intel® UHD Graphics,16.0,1920x1200,FreeDOS,54.0,1117.46,Intel,7,360.4,0.3225171370787321,1,0.93
Intel Core i7-12650HX,16.0,DDR5,512.0,Intel® UHD Graphics,15.6,1920x1080,Windows 11 Home,57.0,1112.99,Intel,7,462.9,0.4159067017673114,1,1.0
Intel Core Ultra 7-155H,16.0,DDR5,1.0,,17.0,2560x1600,Windows 11 Home,77.0,1458.99,Intel,15,762.7,0.5227588948519182,1,0.94
AMD Ryzen 7-7435HS,24.0,DDR5,1.0,No disponible,15.6,1920x1080,No,60.0,1001.0,AMD,0,13.399999999999999,0.013386613386613386,0,0.02
Qualcomm Snapdragon-X1E-80-100,16.0,DDR5,512.0,Qualcomm Adreno GPU,13.8,2304x1536,Windows 11 Home,54.0,1558.0,Qualcomm,0,112.60000000000001,0.07227214377406932,0,0.0
Intel Core i5-12450H,16.0,DDR4,512.0,Intel® UHD Graphics,16.0,1920x1200,No,70.0,1099.0,Intel,5,364.2,0.3313921747042766,1,0.99
AMD Ryzen 5-7520U,16.0,DDR5,512.0,AMD Radeon 610M,15.6,1920x1080,Windows 11 Home,42.0,499.0,AMD,0,111.4,0.22324649298597196,0,0.03
Qualcomm Snapdragon-X1E-78-100,32.0,DDR5,1.0,Qualcomm Adreno GPU,15.6,2880x1620,Windows 11 Home,70.0,1399.0,Qualcomm,0,16.799999999999997,0.01200857755539671,0,0.01
AMD Ryzen 5-7535U,16.0,DDR5,512.0,AMD Radeon 660M,15.6,2880x1620,Windows 11 Home,67.0,1199.0,AMD,0,113.9,0.09499582985821518,0,0.01
Intel Core i5-1135G7,8.0,DDR4,256.0,Intel Iris Xe Graphics,15.6,1920x1080,Windows 11 Home,56.0,677.0,Intel,5,309.2,0.4567208271787297,1,0.93
Intel Core i7-1255U,16.0,DDR4,512.0,Intel Iris Xe Graphics,15.6,1920x1080,Windows 11 Pro,48.0,852.0,Intel,7,462.0,0.5422535211267606,1,0.99
Intel Core i7-1255U,8.0,DDR4,512.0,Intel Iris Xe Graphics,15.6,1920x1080,No,38.0,782.99,Intel,7,458.6,0.5857035211177666,1,1.0
Intel Core Ultra 9-185H,32.0,DDR5,2.0,Intel Arc Graphics,14.0,2880x1800,Windows 11 Home,75.0,2599.0,Intel,15,767.5,0.29530588687956905,1,0.84
AMD Ryzen 5-7520U,8.0,DDR5,512.0,AMD Radeon 610M,15.6,1920x1080,Windows 11 Home,42.0,599.0,AMD,0,109.00000000000001,0.18196994991652757,0,0.01
AMD Ryzen AI 9 HX-370,32.0,DDR5,1.0,AMD Radeon 890M,13.3,2880x1800,Windows 11 Home,73.0,2199.0,AMD,0,17.1,0.007776261937244203,0,0.0
Intel Core i5-1340P,16.0,DDR5,512.0,Intel Iris Xe Graphics,15.0,1920x1080,Windows 11 Pro,9360.0,1219.99,Intel,5,1293.2,1.0600086885958082,1,0.99
