Procesador,RAM,Tipo RAM,Almacenamiento,Graficos,Pantalla,Resolucion,Sistema Operativo,Bateria,Precio
Intel Core i5-1135G7,8,DDR4,512,Intel Iris Xe Graphics,15.6,1920x1080,No,70,"549,00"
AMD Ryzen 7-8845HS,32,DDR5,1,AMD Radeon 780M,17.3,2560x1440,Windows 11 Home,83,"1862,41"
Intel Core i7-14650HX,32,DDR5,1,Intel® UHD Graphics,16.1,1920x1080,FreeDOS,70,"1471,11"
Intel Core i7-12650H,16,DDR4,512,Intel® UHD Graphics,15.6,1920x1080,FreeDOS,70,"960,46"
AMD Ryzen 7-8845HS,32,DDR5,1,AMD Radeon 780M,17.3,1920x1080,FreeDOS,83,"1471,11"
Intel Core i9-14900HX,32,DDR5,1,Intel® UHD Graphics,16.1,2560x1440,Windows 11 Home,83,"2058,06"
AMD Ryzen 9-8945HS,32,DDR5,1,AMD Radeon 780M,14,2880x1800,No,73,"2308,74"
Intel Core i7-13700H,16,DDR4,1,Intel Iris Xe Graphics,15.6,1920x1080,FreeDOS,70,"1373,28"
Intel Core i7-13700H,16,DDR5,512,Intel Iris Xe Graphics,16.1,1920x1080,FreeDOS,70,"1265,66"
AMD Ryzen 7-8845HS,16,DDR5,1,AMD Radeon Graphics,15.6,1920x1080,FreeDOS,70,"1108,08"
Intel Core i7-14650HX,16,DDR5,1,Intel® UHD Graphics,16.1,1920x1080,FreeDOS,70,"1375,59"
Qualcomm Snapdragon-X1-P42-100,16,DDR5,1,Qualcomm Adreno GPU,13.3,2880x1800,Windows 11 Home,70,"1575,99"
Intel Core i7-14650HX,32,DDR5,1,Intel® UHD Graphics,16.1,1920x1080,FreeDOS,70,"1610,85"
AMD Ryzen 9-8945HS,32,DDR5,1,AMD Radeon 780M,17.3,2560x1440,Windows 11 Home,83,"1764,58"
Intel Core i7-12650H,16,DDR4,512,Intel® UHD Graphics,15.6,1920x1080,FreeDOS,70,"955,32"
Intel Core i7-14650HX,32,DDR5,1,Intel® UHD Graphics,16.1,1920x1080,Windows 11 Home,70,"1568,95"
AMD Ryzen 9-8945HS,32,DDR5,1,AMD Radeon 780M,17.3,2560x1440,FreeDOS,83,"1666,76"
Intel Core i9-14900HX,32,DDR5,1,Intel® UHD Graphics,16.1,2560x1440,Windows 11 Home,83,"2253,72"
AMD Ryzen 7-8845HS,32,DDR5,1,AMD Radeon 780M,17.3,1920x1080,Windows 11 Home,83,"1568,95"
Intel Core i7-13620H,32,DDR5,1,Intel® UHD Graphics,16.1,1920x1080,FreeDOS,83,"1568,95"
Intel Core i3-1215U,8,DDR4,512,Intel Iris Xe Graphics,15.6,1920x1080,Windows 11 Home,41,"507,03"
Intel Core i5-1235U,16,DDR4,512,Intel Iris Xe Graphics,15.6,1920x1080,Windows 11 Home,41,"630,00"
Intel Core i7-1255U,16,DDR4,1000,Intel Iris Xe Graphics,15.6,1920x1080,FreeDOS,41,"678,00"
Intel Core Ultra 9-185H,32,DDR5,,,16,1920x1200,,86,"3590,99"
Intel Core i5-1235U,8,DDR4,512,Intel Iris Xe Graphics,15.6,1920x1080,Windows 11 Home,41,"566,99"
Intel Core Ultra 5-125U,16,DDR5,512,Intel Graphics,16,2048x1280,Windows 11 Home,59,"967,00"
Intel Core Ultra 7-155H,32,DDR5,1,,14,1920x1200,,56,"1849,99"
Intel Core i3-1215U,8,DDR4,256,Intel Iris Xe Graphics,15.6,1920x1080,FreeDOS,41,"417,99"
AMD Ryzen 5-5625U,8,DDR4,512,AMD Radeon Graphics,15.6,1920x1080,FreeDOS,41,"454,04"
Intel Core i7-1255U,16,DDR4,512,Intel Iris Xe Graphics,15.6,1920x1080,Windows 11 Home,41,"751,99"
Intel Core i7-1255U,8,DDR4,512,Intel Iris Xe Graphics,15.6,1920x1080,FreeDOS,41,"582,99"
Intel Core Ultra 5-125U,16,DDR5,512,Intel Graphics,14,1920x1200,Windows 11 Home,59,"981,99"
Intel Celeron-N4500,8,DDR4,256,Intel® UHD Graphics,15.6,1920x1080,Windows 11 Home,41,"355,99"
Intel Core i7-1355U,8,DDR4,512,Intel Iris Xe Graphics,15.6,1920x1080,Windows 11 Home,41,"683,99"
AMD Ryzen 5-8640HS,16,DDR5,512,AMD Radeon Graphics,14,1920x1200,Windows 11 Home,59,"883,99"
Intel Core i5-1235U,8,DDR4,512,Intel Iris Xe Graphics,15.6,1920x1080,FreeDOS,41,"539,01"
Intel Core i5-1235U,8,DDR4,256,Intel Iris Xe Graphics,15.6,1920x1080,Windows 11 Home,41,"515,99"
AMD Ryzen 3-7330U,8,DDR4,256,AMD Radeon Graphics,15.6,1920x1080,Windows 11 Home,41,"388,00"
AMD Ryzen 5-7520U,16,DDR5,512,AMD Radeon Graphics,15.6,1920x1080,FreeDOS,41,"489,00"
Intel Core i7-1255U,8,DDR4,512,Intel Iris Xe Graphics,15.6,1920x1080,Windows 11 Home,41,"657,05"
Qualcomm Snapdragon-X1E-78-100,32,DDR5,1,Qualcomm Adreno GPU,14,2240x1400,Windows 11 Home,59,"1372,99"
Intel Core i5-,16,DDR4,512,,14,1920x1080,,43,"864,99"
AMD Ryzen 7-7730U,16,DDR4,512,AMD Radeon Graphics,15.6,1920x1080,Windows 11 Home,41,"701,99"
Intel Core Ultra 7-258V,,,,,14,2880x1800,Windows 11 Home,64,"1764,99"
AMD Ryzen 7-8840U,16,DDR5,1,AMD Radeon Graphics,16,1920x1200,Windows 11 Home,59,"932,99"
Intel Celeron-N100,8,DDR4,256,Intel® UHD Graphics,15.6,1920x1080,Windows 11 Home,41,"408,99"
Intel Core Ultra 7-155H,32,DDR5,1,Intel Arc Graphics,14,2880x1800,Windows 11 Pro,68,"2034,99"
Intel Core Ultra 7-155H,32,DDR5,512,Intel Arc Graphics,14,2880x1800,Windows 11 Home,68,"1274,99"
AMD Ryzen 5-5625U,8,DDR4,512,AMD Radeon Graphics,15.6,1920x1080,Windows 11 Home,41,"493,04"
Intel Core Ultra 7-155H,32,DDR5,1,Intel Arc Graphics,16,2560x1600,Windows 11 Home,68,"1764,99"
Intel Core Ultra 7-155H,64,DDR5,1,,16,1920x1200,,76,"1979,20"
AMD Ryzen 5-5500U,8,DDR4,512,,15.6,1920x1080,,,"599,00"
AMD Ryzen 3-7320U,8,DDR5,256,AMD Radeon 610M,15.6,1920x1080,Windows 11 Home in S mode,41,"466,99"
Intel Core i7-1255U,16,DDR4,512,Intel Iris Xe Graphics,15.6,1920x1080,Windows 11 Home,41,"711,99"
Intel Core i5-8350U,16,DDR4,256,Intel® UHD Graphics 620,14,1920x1080,Windows 11 Pro,,"587,68"
Intel Core Ultra 7-155U,16,DDR5,512,Intel Graphics,16,1920x1200,Windows 11 Home,59,"978,02"
Intel Core Ultra 5-125H,16,DDR5,1,Intel Arc Graphics,14,2560x1600,Windows 11 Home,68,"981,99"
Intel Core Ultra 7-155U,32,DDR5,1,Intel Graphics,16,2880x1800,Windows 11 Home,68,"1471,00"
Intel Core Ultra 7-155H,16,DDR5,1,,14,1920x1080,Windows 11 Home,41,"981,99"
Intel Celeron-N100,8,DDR4,256,Intel® UHD Graphics,15.6,1920x1080,Windows 11 Home,41,"391,99"
Intel Core i5-,32,DDR5,,,16,1920x1200,,56,"1612,99"
Intel Core i3-N305,8,DDR4,512,Intel® UHD Graphics,15.6,1920x1080,Windows 11 Home,41,"442,99"
Qualcomm-X1E-78-100,,,,,14,2240x1400,,59,"2028,00"
AMD Ryzen 7-7730U,16,DDR4,512,AMD Radeon Graphics,15.6,1920x1080,Windows 11 Home,41,"613,00"
Intel Core Ultra 5-125H,16,DDR5,,,14,1920x1200,,56,"1493,99"
AMD Ryzen 7-8840HS,16,DDR5,1,AMD Radeon Graphics,16,2880x1800,Windows 11 Home,68,"1274,99"
Intel Core i3-N305,8,DDR4,256,Intel® UHD Graphics,15.6,1920x1080,Windows 11 Home,41,"489,99"
Intel Core i5-1235U,16,DDR4,512,Intel Iris Xe Graphics,15.6,1920x1080,FreeDOS,41,"551,99"
Qualcomm Snapdragon-X1E-78-100,16,DDR5,1,Qualcomm Adreno GPU,14,2240x1400,Windows 11 Home,59,"1274,99"
Intel Core i7-1255U,16,DDR4,512,Intel Iris Xe Graphics,15.6,1920x1080,Windows 11 Home,41,"661,99"
AMD Ryzen 5-5625U,16,DDR4,1000,AMD Radeon Graphics,15.6,1920x1080,Windows 11 Home,41,"590,99"
AMD Ryzen 5-7520U,16,DDR5,512,AMD Radeon Graphics,15.6,1920x1080,Windows 11 Home,41,"537,00"
Intel Core i5-1334U,16,DDR4,512,Intel Iris Xe Graphics,15.6,1920x1080,Windows 11 Pro,42,"999,23"
AMD Ryzen 5-7520U,8,DDR5,512,AMD Radeon Graphics,15.6,1920x1080,Windows 11 Home,41,"540,00"
Intel Core i7-1255U,16,DDR4,512,Intel Iris Xe Graphics,15.6,1920x1080,FreeDOS,41,"630,99"
Intel Core Ultra 7-155H,32,DDR5,,,16,1920x1200,,86,"2637,99"
Intel Core Ultra 7-165H,32,DDR5,,,16,1920x1200,,86,"2974,00"
AMD Ryzen 7-7730U,16,DDR4,512,AMD Radeon Graphics,15.6,1920x1080,Windows 11 Home,41,"608,99"
Intel Core i7-13650HX,32,DDR5,1,Intel® UHD Graphics,16,2560x1600,Windows 11 Home,99,"1679,00"
Intel Core i5-12450H,16,DDR4,512,Intel® UHD Graphics,15.6,1920x1080,No,52,"1020,08"
Intel Core Ultra 7-155H,32,DDR5,1,Intel Arc Graphics,14,2880x1800,Windows 11 Home,90,"1729,01"
Intel Core i5-13420H,16,DDR5,512,Intel® UHD Graphics,15.6,1920x1080,FreeDOS,53,"999,00"
Intel Core i7-13620H,16,DDR4,512,Intel® UHD Graphics,15.6,1920x1080,FreeDOS,52,"869,00"
Intel Core i5-12500H,16,DDR4,1,Intel Iris Xe Graphics,15.6,1920x1080,FreeDos,54,"949,00"
Intel Core i7-13620H,16,DDR5,1,Intel® UHD Graphics,15.6,1920x1080,FreeDOS,53,"1259,78"
Intel Core i7-13620H,16,DDR5,512,Intel® UHD Graphics,15.6,1920x1080,FreeDOS,53,"969,00"
Intel Core i3-1315U,8,DDR4,256,Intel® UHD Graphics,15.6,1920x1080,Windows 11 Pro,41,"610,99"
Intel Core i7-13620H,32,DDR5,1000,Intel® UHD Graphics,15.6,1920x1080,No,53,"1249,00"
Intel Core i7-14700HX,32,DDR5,1,Intel® UHD Graphics,16,2560x1600,Windows 11 Home,90,"1899,00"
Intel Core i7-14650HX,16,DDR5,1,Intel® UHD Graphics,16,2560x1600,Windows 11 Home,90,"1599,00"
Intel Core Ultra 7-155H,16,DDR5,1,Intel Arc Graphics,16,2560x1600,Windows 11 Home,99,"1729,01"
Intel Core i7-14650HX,16,DDR5,1,Intel® UHD Graphics,16,2560x1600,Windows 11 Home,99,"1679,00"
Intel Core i7-13700HX,32,DDR5,1000,Intel® UHD Graphics,17,2560x1600,Windows 11 Home,90,
Intel Core i5-13500H,16,DDR5,1,,15.6,1920x1080,No,54,"1019,00"
Intel Core i5-13420H,16,DDR5,1,Intel® UHD Graphics,15.6,1920x1080,No,53,"949,00"
Intel Core i7-13620H,16,DDR5,1,,14,2880x1800,Windows 11 Home,63,"1919,00"
Apple M-M4 Pro,24,,1,Apple GPU,14.2,3024x1964,macOS Sequoia,72,"2812,58"
Intel Core i7-14650HX,32,DDR5,1,Intel® UHD Graphics,16,2560x1600,Windows 11 Home,99,"1609,00"
Intel Core Ultra 7-155H,16,DDR5,1,Intel Arc Graphics,16,2880x1800,Windows 11 Home,76,"2611,99"
Apple M-M4 Max,36,,1,Apple GPU,16.2,3456x2234,macOS Sequoia,100,"3955,16"
Apple M-M3,8,,512,Apple GPU,13.6,2560x1664,macOS Sonoma,52,"1346,28"
Apple M-M3,24,,512,Apple GPU,13.6,2560x1664,macOS Sequoia,52,"1679,54"
Apple M-M4 Pro,24,,512,Apple GPU,14.2,3024x1964,macOS Sequoia,72,"2336,51"
Apple M-M2,8,,512,Apple GPU,13.6,2560x1664,macOS Monterey,52,"1260,59"
Apple M-M2,16,,256,Apple GPU,13.6,2560x1664,macOS Sonoma,52,"1017,61"
Apple M-M4 Max,36,,1,Apple GPU,14.2,3024x1964,macOS Sequoia,72,"3669,51"
Apple M-M3,8,,256,Apple GPU,23.5,4480x2520,macOS Sonoma,,"1564,95"
Apple M-M4,16,,512,Apple GPU,14.2,3024x1964,macOS Sequoia,72,"1827,15"
Apple M-M2,8,,512,Apple GPU,13.6,2560x1664,macOS Monterey,52,"1260,59"
Apple M-M3 Max,36,,1,Apple GPU,16.2,3456x2234,macOS Sonoma,100,"3863,68"
Apple M-M3,8,,512,Apple GPU,15.3,2880x1864,macOS Sonoma,66,"1641,59"
Apple M-M3,16,,512,Apple GPU,15.3,2880x1864,macOS Sonoma,66,"1746,19"
Apple M-M3,16,,512,Apple GPU,15.3,2880x1864,macOS Sonoma,66,"1746,19"
Apple M-M4 Max,48,,1,Apple GPU,16.2,3456x2234,macOS Sequoia,100,"4526,43"
Intel Core i7-12650H,16,DDR4,1,Intel® UHD Graphics,17.3,1920x1080,Windows 11 Home,,"1310,78"
Apple M-M4 Max,48,,1,Apple GPU,16.2,3456x2234,macOS Sequoia,100,"4553,33"
Apple M-M3,16,,256,Apple GPU,13.6,2560x1664,macOS Sequoia,52,"1241,54"
Apple M-M3,16,,256,Apple GPU,13.6,2560x1664,macOS Sequoia,52,"1248,90"
Apple M-M3,16,,256,Apple GPU,13.6,2560x1664,macOS Sequoia,52,"1241,54"
Apple M-M4 Pro,48,,512,Apple GPU,16.2,3456x2234,macOS Sequoia,100,"3250,58"
Apple M-M3,24,,512,Apple GPU,13.6,2560x1664,macOS Sequoia,52,"1679,54"
Intel Core i7-13620H,16,DDR5,1,Intel® UHD Graphics,15.6,1920x1080,FreeDOS,54,"1084,66"
Intel Core i7-13650HX,16,DDR5,1,Intel® UHD Graphics,16,2560x1600,FreeDOS,99,"1347,52"
Apple M-M3,16,,256,Apple GPU,15.3,2880x1864,macOS Sequoia,66,"1527,19"
Intel Core i7-13620H,16,DDR5,1,Intel® UHD Graphics,15.6,1920x1080,FreeDOS,54,"1015,83"
Apple M-M3,24,,512,Apple GPU,15.3,2880x1864,macOS Sequoia,66,"1965,16"
Apple M-M2,16,,256,Apple GPU,13.6,2560x1664,macOS Sonoma,52,"1017,61"
Apple M-M3,16,,256,Apple GPU,15.3,2880x1864,macOS Sequoia,66,"1527,19"
Apple M-M4 Pro,48,,512,Apple GPU,16.2,3456x2234,macOS Sequoia,100,"3269,89"
Apple M-M3,24,,512,Apple GPU,13.6,2560x1664,macOS Sequoia,52,"1679,54"
Apple M-M3,8,,256,Apple GPU,15.3,2880x1864,macOS Sonoma,66,"1412,94"
Apple M-M4 Max,36,,1,Apple GPU,14.2,3024x1964,macOS Sequoia,72,"3669,51"
Apple M-M4 Pro,24,,1,Apple GPU,14.2,3024x1964,macOS Sequoia,72,"2812,58"
Apple M-M4 Max,36,,1,Apple GPU,16.2,3456x2234,macOS Sequoia,100,"3955,16"
Apple M-M3,16,,256,Apple GPU,15.3,2880x1864,macOS Sequoia,66,"1527,19"
Intel Core i7-13700H,16,DDR5,512,,16,1920x1200,FreeDOS,54,"1145,35"
Intel Core i5-13420H,8,DDR4,512,Intel® UHD Graphics,14,1920x1080,FreeDos,38,"501,99"
AMD Ryzen 7-5700U,8,DDR4,512,AMD Radeon,15.6,1920x1080,Windows 10 Home en modo S,38,"698,99"
Intel Core i7-13700H,16,DDR5,512,Intel Iris Xe Graphics,14.5,2560x1600,Windows 11 Home,73,"1333,99"
Intel Core i7-1355U,16,DDR4,512,Intel Iris Xe Graphics,15.6,1920x1080,Windows 11 Home,38,"683,00"
AMD Ryzen 5-7520U,16,DDR5,512,AMD Radeon 610M,15.6,1920x1080,No,38,"469,00"
Intel Core i3-1115G4,8,DDR4,256,Intel® UHD Graphics,15.6,1920x1080,No,45,"258,99"
Intel Core i5-13420H,16,DDR4,512,Intel® UHD Graphics,15.6,1920x1080,Windows 11 Home,38,"596,99"
Intel Core i3-1215U,8,DDR4,256,Intel® UHD Graphics,15.6,1920x1080,Windows 11 Home,38,"393,99"
Intel Core i5-,8,DDR4,256,Intel® UHD Graphics 620,13.3,1920x1080,Windows 10 Pro,51,"329,89"
Intel Core i7-1355U,16,DDR5,1,Intel Iris Xe Graphics,13.3,2880x1800,Windows 11 Home,80,"2327,99"
Intel Core i7-1355U,8,DDR4,512,Intel Iris Xe Graphics,15.6,1920x1080,Windows 11 Home,38,"622,99"
Intel Core i7-1255U,16,DDR4,512,Intel® UHD Graphics,15.6,1920x1080,Windows 11 Home,48,"641,00"
Intel Core i7-1360P,32,DDR5,1,Intel Iris Xe Graphics,17,2560x1600,Windows 11 Home,90,"1817,00"
AMD Ryzen 7-5700U,16,DDR4,512,AMD Radeon Graphics,15.6,1920x1080,No,42,"645,99"
Intel Core i5-12450H,16,DDR5,1,Intel® UHD Graphics,15.6,1920x1080,Windows 11 Home,47,"689,00"
AMD Ryzen 7-5700U,16,DDR4,512,AMD Radeon Graphics,15.6,1920x1080,Windows 11 Home,48,"562,99"
AMD Ryzen 7-7730U,16,DDR4,512,AMD Radeon Graphics,15.6,1920x1080,Windows 11 Home,38,"576,00"
Intel Core i7-13620H,16,DDR5,1,Intel® UHD Graphics,15.6,1920x1080,Windows 11 Home,60,"1499,99"
Intel Core i3-1315U,8,DDR4,512,Intel® UHD Graphics,14,1920x1080,Windows 11 Home,38,"563,99"
Intel Core i3-1215U,8,DDR4,256,Intel® UHD Graphics,15.6,1920x1080,No,38,"371,00"
AMD Ryzen 7-7435HS,24,DDR5,1,No disponible,15.6,1920x1080,No,60,"1100,99"
Intel Core Ultra 7-155H,32,DDR5,1,Intel Arc Graphics,16,2048x1280,Windows 11 Home,76,"1314,99"
AMD Ryzen 5-7530U,16,DDR4,512,AMD Radeon Graphics,15.6,1920x1080,Windows 11 Home,41,"537,99"
Intel Core i5-1334U,16,DDR5,512,Intel Iris Xe Graphics,15.6,1920x1080,FreeDOS,,"528,00"
AMD Ryzen 5-7520U,8,DDR5,256,AMD Radeon 610M,15.6,1920x1080,Windows 11 Home,38,"551,00"
Intel Core i5-13420H,16,DDR5,1,Intel® UHD Graphics,16,1920x1200,Windows 11 Home,47,"767,99"
Intel Core i5-1334U,8,DDR5,512,Intel Iris Xe Graphics,15.6,1920x1080,FreeDOS,,"475,00"
Intel Core 5-i5-1135G7,8,DDR4,,No disponible,15.6,1920x1080,,45,"329,99"
AMD Ryzen 7-7730U,16,DDR4,512,AMD Radeon Graphics,15.6,1920x1080,Windows 11 Home,41,"593,99"
Intel Core i5-1235U,16,DDR5,256,Intel Iris Xe Graphics,12.4,1536x1024,Windows 11 Pro,41,"1302,99"
AMD Ryzen 7-5700U,16,DDR4,1,AMD Radeon Graphics,15.6,1920x1080,Windows 11 Home,42,"731,99"
Intel Core Ultra 7-155H,16,DDR5,512,Intel Arc Graphics,16,2560x1600,No,77,"1136,99"
Intel Core i3-1215U,8,DDR4,512,Intel® UHD Graphics,15.6,1920x1080,No,38,"441,00"
AMD Ryzen 7-5700U,16,DDR4,1,AMD Radeon Graphics,15.6,1920x1080,Windows 11 Home,42,"701,99"
Intel Core i7-13620H,16,DDR5,1,,14,2880x1800,Windows 11 Home,63,"1098,99"
Intel Core i7-9850H,32,DDR4,1,Intel® UHD Graphics 630,15.6,1920x1080,Windows 10 Pro,,"1429,18"
Intel Core Ultra 5-125H,16,DDR5,512,Intel Arc Graphics,15.6,,Windows 11 Home,55,"911,99"
Intel Core i5-12450HX,24,DDR5,512,Intel® UHD Graphics,15.6,1920x1080,No,60,"901,99"
AMD Ryzen 5-7520U,8,DDR5,512,AMD Radeon 610M,15.6,1920x1080,Windows 11 Home,38,"441,99"
AMD Ryzen 3-7320U,8,DDR5,256,AMD Radeon 610M,15.6,1920x1080,Windows 11 Home,38,"372,99"
Intel Core i7-1255U,16,DDR5,1,Intel Iris Xe Graphics,16,1920x1080,Windows 11 Home,51,"754,99"
Qualcomm Snapdragon-X1E-80-100,16,DDR5,256,Qualcomm Adreno GPU,15,2496x1664,Windows 11 Home,66,"1530,00"
Intel Core Ultra 7-155H,16,DDR5,512,Intel Arc Graphics,16,2560x1600,FreeDOS,77,"1356,00"
AMD Ryzen 5-5500U,16,DDR4,512,AMD Radeon Graphics,15.6,1920x1080,Windows 11 Home,38,"635,00"
Intel Core Ultra 7-155H,32,DDR5,1,Intel Arc Graphics,15.6,1920x1080,Windows 11 Home,72,"1527,99"
Intel Core Ultra 7-155U,32,DDR5,1,Intel Graphics,14,1920x1200,Windows 11 Pro,58,"2298,00"
Qualcomm Snapdragon-X1E-80-100,16,DDR5,512,Qualcomm Adreno GPU,15,2496x1664,Windows 11 Home,66,"1734,99"
AMD Ryzen 7-5700U,8,DDR4,512,AMD Radeon Graphics,15.6,1920x1080,Windows 11 Home,38,"543,04"
Intel Core i7-1255U,8,DDR4,512,Intel Iris Xe Graphics,15.6,1920x1080,FreeDOS,42,"564,02"
Intel Core i7-1255U,8,DDR4,512,Intel Iris Xe Graphics,15.6,1920x1080,Windows 11 Home,38,"630,00"
Intel Core i5-1130G7,8,DDR4,256,Intel Iris Xe Graphics,14,1920x1080,ChromeOS,54,"929,99"
Intel Core i5-13420H,16,DDR5,1,Intel® UHD Graphics,15.6,1920x1080,Windows 11 Home,47,"739,00"
AMD Ryzen 5-5500U,8,DDR4,512,AMD Radeon Graphics,15.6,1920x1080,Windows 11 Home,38,"562,99"
Intel Core i5-12450H,16,DDR5,512,Intel® UHD Graphics,15.6,1920x1080,Windows 11 Home,47,"652,00"
Intel Core i5-13420H,16,DDR4,512,Intel Iris Xe Graphics,17.3,1920x1080,Windows 11 Home,45,"773,00"
Intel Core i3-1315U,8,DDR4,256,Intel® UHD Graphics,17.3,1920x1080,Windows 11 Home,45,"601,99"
Intel Core Ultra 7-155H,32,DDR5,2,Intel Arc Graphics,16,2560x1600,Windows 11 Home,77,"1851,00"
Intel Core i3-1315U,8,DDR4,512,Intel® UHD Graphics,15.6,1920x1080,No,38,"380,99"
Intel Core Ultra 7-155H,16,DDR5,512,Intel Arc Graphics,15.6,1920x1080,Windows 11 Home,72,"1125,00"
Intel Core Ultra 7-155H,16,DDR5,1,Intel Arc Graphics,17,2560x1600,Windows 11 Home,77,"1728,99"
Intel Core Ultra 7-155U,16,DDR5,1,Intel Graphics,14,1920x1200,Windows 11 Pro,57,"1575,99"
AMD 3000-3020E,8,DDR4,256,AMD Radeon Graphics,15.6,1920x1080,Windows 11 Home,42,"538,99"
Intel Core Ultra 7-155U,16,DDR5,512,Intel Graphics,16,1920x1200,Windows 11 Pro,57,"1558,00"
Intel Core i9-14900HX,32,DDR5,1,Intel® UHD Graphics,16,2560x1600,Windows 11 Home,95,"3906,33"
Intel Core i7-11700K,32,DDR4,1000,Intel UHD Graphics 750,,,Windows 10 Home,,"2943,00"
Intel Core Ultra 7-155H,16,DDR5,512,Intel Arc Graphics,17,2560x1600,Windows 11 Home,77,"1378,00"
Intel Core i5-1235U,8,DDR5,256,Intel Iris Xe Graphics,12.4,1536x1024,Windows 11 Home,41,"1134,99"
Intel Core i5-1235U,8,DDR4,512,Intel Iris Xe Graphics,15.6,1920x1080,Windows 11 Pro,40,"540,00"
Intel Core Ultra 5-125U,16,DDR5,512,Intel Graphics,13.3,1920x1200,Windows 11 Pro,54,"1826,99"
Intel Core 5-120U,16,DDR5,512,Intel Graphics,14,1920x1200,Windows 11 Pro,53,"943,99"
Qualcomm Snapdragon-X1P-42-100,16,DDR5,1,Qualcomm Adreno GPU,14,1920x1200,Windows 11 Home,57,"1111,99"
AMD Ryzen 7-7730U,8,DDR4,512,AMD Radeon Graphics,15.6,1920x1080,Windows 11 Home,38,"548,00"
AMD Ryzen 5 PRO-7530U,16,DDR4,512,AMD Radeon Graphics,13.3,1920x1200,Windows 11 Pro,46,"1086,99"
AMD Ryzen AI 9-365,32,DDR5,1,AMD Radeon 880M,14.5,2880x1800,Windows 11 Home,73,"1908,99"
AMD Ryzen 5-7535U,16,DDR5,512,AMD Radeon 660M,14,1920x1200,Windows 11 Pro,57,"1083,99"
Intel Core i7-1255U,8,DDR4,512,Intel® UHD Graphics,15.6,1920x1080,Windows 11 Home,48,"616,00"
Intel Core i5-1335U,16,DDR4,512,Intel Iris Xe Graphics,14,1920x1200,Windows 11 Pro,50,"770,99"
Intel Core i3 N-series-i3-N305,8,DDR5,128,Intel® UHD Graphics,14,1920x1080,ChromeOS,,"624,99"
AMD Ryzen AI 7 PRO-360,32,DDR5,512,AMD Radeon 880M,14,1920x1200,Windows 11 Pro,58,"2158,99"
Intel Core Ultra 7-155U,16,DDR5,512,Intel Graphics,14,1920x1200,Windows 11 Pro,57,"2830,00"
Intel Core i7-13700H,16,DDR5,1,Intel Iris Xe Graphics,16,3840x2400,Windows 11 Home,88,"1510,99"
AMD Ryzen 7-5825C,16,DDR4,256,AMD Radeon Graphics,14,1920x1080,ChromeOS,,"962,00"
Intel Core i5-1135G7,8,DDR4,128,Intel Iris Xe Graphics,15.6,1920x1080,ChromeOS,,"780,99"
Intel Core i5-1340P,16,DDR5,512,Intel Iris Xe Graphics,15.6,1920x1080,No,80,"1001,00"
Intel Core Ultra 7-155U,16,DDR5,512,Intel Graphics,14,1920x1200,Windows 11 Pro,57,"1553,99"
Intel Core Ultra 5-125U,8,DDR5,256,Intel Graphics,14,1920x1200,Windows 11 Pro,45,"835,99"
Intel Core Ultra 7-155H,32,DDR5,1,Intel Arc Graphics,16,1920x1200,Windows 11 Pro,75,"2324,00"
Intel Core i7-12650HX,16,DDR5,512,Intel® UHD Graphics,15.6,1920x1080,Windows 11 Home,57,"1100,99"
Intel Core i7-8750H,32,DDR4,1,Intel® UHD Graphics 630,15.6,1920x1080,Windows 10 Pro,,"1142,86"
Intel Core i5-135U,16,DDR5,512,Intel Arc Graphics,13.5,2256x1504,Windows 11,,"1663,99"
Intel Core Ultra 5-125U,16,DDR5,512,Intel Graphics,14,1920x1200,Windows 11 Pro,58,"1890,00"
Qualcomm Snapdragon-X1P-42-100,32,DDR5,1,Qualcomm Adreno GPU,14,1920x1200,Windows 11 Home,57,"1333,99"
AMD Ryzen 5-5625U,16,DDR4,512,AMD Radeon Graphics,15.6,1920x1080,Windows 11 Home,42,"596,99"
Intel Core Ultra 7-155U,32,DDR5,1,Intel Graphics,14,1920x1200,Windows 11 Pro,57,"2836,00"
Qualcomm Snapdragon-X1E-80-100,16,DDR5,,,13,2880x1920,Windows 11 Pro,53,"1837,99"
Intel Core i7-13620H,16,DDR5,1,Intel® UHD Graphics,16,1920x1200,FreeDOS,54,"1117,46"
Intel Core i7-12650HX,16,DDR5,512,Intel® UHD Graphics,15.6,1920x1080,Windows 11 Home,57,"1112,99"
Intel Core Ultra 7-155H,16,DDR5,1,,17,2560x1600,Windows 11 Home,77,"1458,99"
AMD Ryzen 7-7435HS,24,DDR5,1,No disponible,15.6,1920x1080,No,60,"1001,00"
Qualcomm Snapdragon-X1E-80-100,16,DDR5,512,Qualcomm Adreno GPU,13.8,2304x1536,Windows 11 Home,54,"1558,00"
Intel Core i5-12450H,16,DDR4,512,Intel® UHD Graphics,16,1920x1200,No,70,"1099,00"
AMD Ryzen 5-7520U,16,DDR5,512,AMD Radeon 610M,15.6,1920x1080,Windows 11 Home,42,"499,00"
Qualcomm Snapdragon-X1E-78-100,32,DDR5,1,Qualcomm Adreno GPU,15.6,2880x1620,Windows 11 Home,70,"1399,00"
AMD Ryzen 5-7535U,16,DDR5,512,AMD Radeon 660M,15.6,2880x1620,Windows 11 Home,67,"1199,00"
Intel Core i5-1135G7,8,DDR4,256,Intel Iris Xe Graphics,15.6,1920x1080,Windows 11 Home,,"677,00"
Intel Core i7-1255U,16,DDR4,512,Intel Iris Xe Graphics,15.6,1920x1080,Windows 11 Pro,48,"852,00"
Intel Core i7-1255U,8,DDR4,512,Intel Iris Xe Graphics,15.6,1920x1080,No,38,"782,99"
Intel Core Ultra 9-185H,32,DDR5,2,Intel Arc Graphics,14,2880x1800,Windows 11 Home,75,"2599,00"
AMD Ryzen 5-7520U,8,DDR5,512,AMD Radeon 610M,15.6,1920x1080,Windows 11 Home,42,"599,00"
AMD Ryzen AI 9 HX-370,32,DDR5,1,AMD Radeon 890M,13.3,2880x1800,Windows 11 Home,73,"2199,00"
Intel Core i5-1340P,16,DDR5,512,Intel Iris Xe Graphics,15,1920x1080,Windows 11 Pro,9360,"1219,99"
